sector,outstanding_amount,share_pct,outstanding_mn,sector_limit,warning_threshold_pct,utilisation_pct_of_limit
Manufacturing,69714057.0,20.50757081715343,69.714057,139430000.0,0.9,49.99932367496235
TMT,66428053.0,19.540937075905955,66.428053,132860000.0,0.9,49.998534547644134
Retail,64069600.0,18.847158173948955,64.0696,128140000.0,0.9,49.999687841423444
Real_Estate,41436104.0,12.189131915919546,41.436104,82870000.0,0.9,50.001332207071314
Transport,36996240.0,10.883070709375074,36.99624,73990000.0,0.9,50.00167590214893
Utilities,34497513.0,10.148027834087623,34.497513,69000000.0,0.9,49.996395652173916
Energy,26801460.0,7.884103473609418,26.80146,53600000.0,0.9,50.00272388059701
