rating_band,outstanding_amount,share_pct,outstanding_mn
Investment_Grade,214560148.0,63.1165021661115,214.560148
Sub_IG,88513853.0,26.03784927760851,88.513853
Watchlist,36869026.0,10.845648556279992,36.869026
